Index,Address,Private Key
0,0xbd7ef4218672a7AFbdE607950e4cfF222D876d73,0x7c10d29fe65ff704f6d765ba9d4631034a2d663c813a7121000601837bae6780
1,0x0dd09c7E843E826a479dbFcE8fEdCaccE3281e34,0x75578e22458d4b5b398342f4f3f25118af73f45920248bfecfbd733e2f5b4e8a
2,0x12CC68982e82d32cF84f8FCfF8a7F6128e614Ab8,0x3e1b4df447ba9d50d0c43ccbed3c0b9f773e236df4add628e4041cc140c91adb
3,0x805F05b0E62bc20BB39054f6796746913Ac9F521,0x895d2187937714addafced6a72b455106ef2031a7a090f0721062dd3e5724dda
4,0x33da8577cDBfc75f5c849916903DAa393dDB5dA5,0xfe8b29f1a6957d7aed59d819f2cbf191403e7c788c0074334370106995fcd8ea
5,0xC5526B3878cdBE20BaD35d0f3cBA2FC8453aE743,0xe4367269c7761ee0b6d56a3074155815d6fe98678a4b9a08e30162f41e857c8e
6,0xDCa78bAf3D8c1D7407f8527e03fDAccCB2973323,0xc1fa5735a8fc39951834eb296566eb3e9d49ce3c9a4c4d76ca1e56ae8d43fa87
7,0x0529C54Fb9996135F65a5Da837CF8306c0419296,0x0e3eb6216df1b590c58231f7332272d69a36938a18f62bd9be3796d889913445
8,0x955Cd032cCDB7948a07Beb25586e207D1cc30B18,0xebe520c790005beb3c2e090c50afa285ed565fd24218afc4283b96c1ebf421a1
9,0x6F1FF212e61015E7E0F57E67b502a5D3Cf8D1Ae5,0xe989a4ed73a5fc004a1d0a00fbbfa50314dbf0220623ced8982a2308353d76ed
